Date,Name,Year,Letterboxd URI,Rating,Rewatch,Tags,Watched Date
2023-05-04,The Batman,2022,https://boxd.it/4cw1cB,4.5,,,2022-03-16
2023-05-04,The Gray Man,2022,https://boxd.it/4cvYZb,2.5,,,2022-07-23
2023-05-04,Ghosted,2023,https://boxd.it/4cvXDt,2.5,,"film, film2023, action, drama, chrisevans, anadearmas",2023-04-29
2023-05-04,Interstellar,2014,https://boxd.it/4cw0HX,5,Yes,,2023-05-03
2024-10-05,The Grand Budapest Hotel,2014,https://boxd.it/7tfzKl,4,,,2023-05-26
2024-10-05,Dead Poets Society,1989,https://boxd.it/7tfJ95,5,,,2023-06-02
2024-10-05,Pulp Fiction,1994,https://boxd.it/7tfDmn,4,,,2023-06-03
2024-10-05,Spider-Man: Across the Spider-Verse,2023,https://boxd.it/7tfMTb,4.5,,,2023-06-09
2024-10-05,La La Land,2016,https://boxd.it/7tfQu5,3.5,,,2023-06-16
2024-10-05,Straight Outta Compton,2015,https://boxd.it/7tfVsD,3,,,2023-06-30
2024-10-05,Sirf Ek Bandaa Kaafi Hai,2023,https://boxd.it/7tg10v,3,,,2023-07-07
2024-10-05,Barbie,2023,https://boxd.it/7tg299,3.5,,,2023-07-29
2024-10-05,Oppenheimer,2023,https://boxd.it/7tg3U1,5,,,2023-07-30
2024-10-05,Masaan,2015,https://boxd.it/7tgdwt,4,,,2023-08-19
2024-10-05,Fantastic Mr. Fox,2009,https://boxd.it/7tgf6H,2.5,,,2023-08-26
2024-10-05,The Irishman,2019,https://boxd.it/7tgi87,4,,,2023-08-26
2024-10-05,The Wind Rises,2013,https://boxd.it/7tgjE9,3.5,,,2023-09-16
2024-10-05,Suzume,2022,https://boxd.it/7tgkC9,3,,,2023-09-16
2024-10-20,Ford v Ferrari,2019,https://boxd.it/7AL4HH,5,,,2023-10-01
2024-10-05,The Social Network,2010,https://boxd.it/7tgmqJ,4,,,2023-11-25
2024-10-05,Whiplash,2014,https://boxd.it/7tgpmv,4,,,2023-11-25
2024-10-05,Fight Club,1999,https://boxd.it/7tgqQh,4.5,,,2023-12-09
2024-10-05,The Wonderful Story of Henry Sugar,2023,https://boxd.it/7tgsrD,3,,,2023-12-09
2024-10-26,The Truman Show,1998,https://boxd.it/7DKORN,4.5,,,2023-12-15
2024-10-05,Top Gun: Maverick,2022,https://boxd.it/7tgwv5,3.5,,,2023-12-30
2024-10-05,Gran Turismo,2023,https://boxd.it/7tgyaN,3,,,2024-01-24
2024-10-05,The Godfather,1972,https://boxd.it/7tgzP3,5,Yes,,2024-04-06
2024-10-05,Air,2023,https://boxd.it/7tgC5H,4,,,2024-04-09
2024-10-05,Forrest Gump,1994,https://boxd.it/7tgudX,4,,,2024-05-25
2024-10-05,Her,2013,https://boxd.it/7tgEM9,4.5,,,2024-07-13
2024-10-05,(500) Days of Summer,2009,https://boxd.it/7tgGLx,3.5,,,2024-07-20
2024-10-05,Superbad,2007,https://boxd.it/7tgINZ,4,,,2024-07-25
2024-10-05,Logan,2017,https://boxd.it/7tuN9N,4.5,,,2024-07-25
2024-10-05,Deadpool & Wolverine,2024,https://boxd.it/7tuOPb,4.5,,,2024-07-26
2024-10-05,300,2006,https://boxd.it/7tgKcV,3,,,2024-07-30
2024-10-05,Guardians of the Galaxy Vol. 3,2023,https://boxd.it/7tuQTp,4,,,2024-07-30
2024-10-05,Lost Ladies,2023,https://boxd.it/7tgLcR,4,,,2024-08-01
2024-10-05,Dallas Buyers Club,2013,https://boxd.it/7tgNyb,4.5,,,2024-08-04
2024-10-05,Napoleon,2023,https://boxd.it/7tuTUb,2,,,2024-08-08
2024-10-05,2001: A Space Odyssey,1968,https://boxd.it/7tgPdp,4,,,2024-08-10
2024-10-05,Argo,2012,https://boxd.it/7tgV2n,3.5,,,2024-08-10
2024-10-05,Inglourious Basterds,2009,https://boxd.it/7tgQyD,4,,,2024-08-15
2024-10-05,The Lighthouse,2019,https://boxd.it/7tgSnR,3.5,,,2024-08-16
2024-10-05,J. Edgar,2011,https://boxd.it/7tgY3X,2.5,,,2024-08-20
2024-10-05,The Shawshank Redemption,1994,https://boxd.it/7tgZ51,5,Yes,,2024-08-20
2024-10-05,Aavesham,2024,https://boxd.it/7tuDo9,3.5,,,2024-09-01
2024-10-05,8 Mile,2002,https://boxd.it/7tuEuR,3,,,2024-09-02
2024-10-05,Uncharted,2022,https://boxd.it/7tuGj7,3,,,2024-09-05
2024-10-05,Blade Runner 2049,2017,https://boxd.it/7tuIdZ,4,,,2024-09-05
2024-10-05,American Psycho,2000,https://boxd.it/7tuKBJ,3.5,,,2024-09-08
2024-10-06,Vivah,2006,https://boxd.it/7tH0UV,2,,,2024-09-09
2024-10-05,Sector 36,2024,https://boxd.it/7tuXF5,3.5,,,2024-09-22
2024-10-05,3 Idiots,2009,https://boxd.it/7tfrJp,5,Yes,,2024-09-30
2024-10-12,Manchester by the Sea,2016,https://boxd.it/7wAHcb,4,,,2024-10-06
2024-10-07,Swades,2004,https://boxd.it/7uIFk1,4.5,Yes,,2024-10-07
2024-10-15,Moneyball,2011,https://boxd.it/7yhRPR,4,,,2024-10-13
2024-10-15,Stree 2,2024,https://boxd.it/7yhTgJ,3,,,2024-10-13
2024-10-15,Good Will Hunting,1997,https://boxd.it/7yhUgv,4.5,,,2024-10-13
2024-10-15,Zindagi Na Milegi Dobara,2011,https://boxd.it/7yhXjR,4,Yes,,2024-10-14
2024-10-15,CTRL,2024,https://boxd.it/7yhYPT,3.5,,"netflix, bollywood, hindi, AI, thriller",2024-10-14
2024-10-15,Eternal Sunshine of the Spotless Mind,2004,https://boxd.it/7yJhZx,4,,,2024-10-15
2024-10-16,Saving Private Ryan,1998,https://boxd.it/7yOu6l,4.5,,"primevideo, savingprivateryan, war, oscar, classic",2024-10-15
2024-10-16,Lost in Translation,2003,https://boxd.it/7zdFV5,3,,"prime, scarletjohanneson, comedy, sad, melancholic",2024-10-15
2024-10-16,Scott Pilgrim vs. the World,2010,https://boxd.it/7zdIFT,3.5,,"comedy, fun, laugh",2024-10-16
2024-10-17,About Time,2013,https://boxd.it/7zkXkv,3.5,,,2024-10-16
2024-10-17,Maharaja,2024,https://boxd.it/7zCSIX,4,,"netflix, tamil, maharaja, thriller, mystery, crime",2024-10-17
2024-10-17,The Devil Wears Prada,2006,https://boxd.it/7zEwbh,3.5,,,2024-10-17
2024-10-18,Dune,2021,https://boxd.it/7zP8Nt,4,,"netflix, dune, timotheechalamet, zendaya, lisanalgaib, arrakis, action, adventure, scifi",2024-10-17
2024-10-18,Dune: Part Two,2024,https://boxd.it/7zPfuD,4.5,,"netflix, zendaya, timotheechalamet, dune, scifi, action, adventure",2024-10-18
2024-10-18,October,2018,https://boxd.it/7A4Feh,3.5,,"primevideo, hindi, bollywood, varundhawan, melancholic",2024-10-18
2024-10-19,Anatomy of a Fall,2023,https://boxd.it/7Ac8RL,4,,"primevideo, cannes, french, english, oscar, suspense, mystery",2024-10-18
2024-10-19,Aligarh,2016,https://boxd.it/7AfJaF,3.5,,"hindi, bollywood",2024-10-18
2024-10-20,Gravity,2013,https://boxd.it/7AEgSD,3.5,,,2024-10-19
2024-10-20,Little Miss Sunshine,2006,https://boxd.it/7AKLKd,4.5,,"heartwarming, fun, lovely, comedy, drama, satire",2024-10-19
2024-10-20,Immaculate,2024,https://boxd.it/7Ba4Xb,2,,,2024-10-20
2024-10-21,Nightcrawler,2014,https://boxd.it/7BlvE3,4,,"crime, mystery, dark, night",2024-10-20
2024-10-22,Drive,2011,https://boxd.it/7BWy1H,4.5,,"primevideo, ryangosling, drive, thriller, classic, car, fast, vroom",2024-10-21
2024-10-23,Vadh,2022,https://boxd.it/7Cs8Gt,3,,,2024-10-22
2024-10-23,Nocturnal Animals,2016,https://boxd.it/7CsaLP,3,,,2024-10-22
2024-10-23,The Intern,2015,https://boxd.it/7CuEgL,4,,"netflix, robertdeniro, comedy, sliceoflife",2024-10-23
2024-10-23,The Imitation Game,2014,https://boxd.it/7CKhKl,4.5,,,2024-10-23
2024-10-24,Drive My Car,2021,https://boxd.it/7CW7nb,4.5,,"mubi, melancholic, masterpiece",2024-10-24
2024-10-24,While We Watched,2022,https://boxd.it/7DbuvH,3.5,,,2024-10-24
2024-10-24,Legally Blonde,2001,https://boxd.it/7DdwPj,3.5,,,2024-10-24
2024-10-25,Transformers One,2024,https://boxd.it/7DiU4h,4.5,,"transformers, autobots, decepticons, action, adventure",2024-10-24
2024-10-25,Doraemon: Nobita and the New Steel Troops: Winged Angels,2011,https://boxd.it/7DEs2L,4.5,Yes,"anime, doraemon, action, adventure",2024-10-25
2024-10-26,Everything Everywhere All at Once,2022,https://boxd.it/7DHleB,4.5,,"action, adventure, scifi, drama, oscars",2024-10-25
2024-10-26,Bol Bachchan,2012,https://boxd.it/7DJy3v,2.5,,,2024-10-25
2024-10-26,Rang De Basanti,2006,https://boxd.it/7DNjWD,4,,,2024-10-25
2024-10-26,Shubh Mangal Zyada Saavdhan,2020,https://boxd.it/7DU5bx,4,,"primevideo, romance, drama, comedy",2024-10-26
2024-10-26,Kill Bill: Vol. 1,2003,https://boxd.it/7EcfxJ,4.5,,"action, comedy, adventure, drama, bloody",2024-10-26
2024-10-26,Kill Bill: Vol. 2,2004,https://boxd.it/7EcgQn,4.5,,"action, adventure, drama, bloody, comedy",2024-10-26
2024-10-27,Ta Ra Rum Pum,2007,https://boxd.it/7EpMLF,2.5,,"prime, racing, saifalikhan, drama",2024-10-27
2024-10-27,Rush Hour,1998,https://boxd.it/7EL3c5,3.5,,"christucker, jackiechan, action, comedy",2024-10-27
2024-10-28,Johnny English Reborn,2011,https://boxd.it/7ENuy7,3,,,2024-10-27
2024-10-28,Zombieland,2009,https://boxd.it/7ESwXt,3.5,,"netflix, comedy, action, zombies, michaelcera",2024-10-27
2024-10-28,Zombieland: Double Tap,2019,https://boxd.it/7ESywT,3.5,,,2024-10-27
2024-10-28,Ace Ventura: Pet Detective,1994,https://boxd.it/7EUylF,2.5,,,2024-10-27
2024-10-28,The Nightmare Before Christmas,1993,https://boxd.it/7EWD1p,4.5,,"disney, musical, animated, halloween",2024-10-27
2024-10-29,Zoolander,2001,https://boxd.it/7FxTWF,3,,"netflix, comedy, slapstick, satire",2024-10-28
2024-10-30,Not Another Teen Movie,2001,https://boxd.it/7G1V8x,3,,"comedy, satire, parody",2024-10-29
2024-10-31,Bottoms,2023,https://boxd.it/7GrMD9,4,,"primevideo, comedy, satire",2024-10-30
2024-10-31,Gifted,2017,https://boxd.it/7GukOp,4.5,,"netflix, chrisevans, drama, sad",2024-10-30
2024-11-01,Anyone But You,2023,https://boxd.it/7GYPWJ,2.5,,"netflix, drama, comedy, romance",2024-10-31
2024-11-01,The Hangover,2009,https://boxd.it/7H1ual,3.5,,,2024-10-31
2024-11-03,Transformers: Rise of the Beasts,2023,https://boxd.it/7I3eeT,2.5,,"netflix, transformers, action, adventure",2024-11-02
2024-11-04,Monkey Man,2024,https://boxd.it/7IKxgZ,4,,"primevideo, action, revenge, adventure, bloody, dark",2024-11-03
2024-11-09,Go Goa Gone,2013,https://boxd.it/7L4U0j,3,,"comedy, zombie",2024-11-09
2024-11-09,Dev.D,2009,https://boxd.it/7Lloub,3.5,,,2024-11-09
2024-11-15,Look Back,2024,https://boxd.it/7O7PM1,4.5,,,2024-11-14
2024-11-15,An Action Hero,2022,https://boxd.it/7O9LCv,3.5,,"netflix, comedy, dark, bollywood",2024-11-14
2024-11-23,Blackmail,2018,https://boxd.it/7S3uUr,3,,,2024-11-22
2024-11-23,Borat: Cultural Learnings of America for Make Benefit Glorious Nation of Kazakhstan,2006,https://boxd.it/7Sss3b,4,,"comedy, satire, borat, dark comedy",2024-11-23
2024-11-23,Borat Subsequent Moviefilm,2020,https://boxd.it/7SsE2f,3.5,,"prime video, comedy, dark, satire, slapstick",2024-11-23
2024-11-25,Lucy,2014,https://boxd.it/7Tb1I7,2.5,,"netflix, action",2024-11-24
2024-11-27,Kaalakaandi,2018,https://boxd.it/7UhSkX,2.5,,"hotstar, dark, comedy, mumbai",2024-11-26
2024-11-30,OMG: Oh My God!,2012,https://boxd.it/7VIlv7,3.5,,,2024-11-29
2024-12-08,Vicky Vidya Ka Woh Wala Video,2024,https://boxd.it/7ZEE7r,2,,"netflix, comedy, bollywood, funny, hindi",2024-12-07
2024-12-22,Mere Brother Ki Dulhan,2011,https://boxd.it/879cbb,2.5,,"comedy, romcom",2024-12-21
2024-12-23,The Namesake,2006,https://boxd.it/88kGvr,3.5,,,2024-12-23
2024-12-24,Porco Rosso,1992,https://boxd.it/88Y099,4,,"netflix, studioghibli",2024-12-24
2024-12-24,Yo Yo Honey Singh: Famous,2024,https://boxd.it/892RbZ,1.5,,,2024-12-24
2024-12-25,Bullet Train,2022,https://boxd.it/8996i9,3.5,,"netflix, bradpitt, bullettrain, action, adventure, funny, comedy",2024-12-24
2024-12-26,The Exorcist,1973,https://boxd.it/89NUdj,3.5,,,2024-12-25
2024-12-26,Midsommar,2019,https://boxd.it/89Tezz,4,,"a24, horror, psychological",2024-12-25
2024-12-26,Red One,2024,https://boxd.it/8a2UHX,1.5,,,2024-12-26
2024-12-27,"tick, tick... BOOM!",2021,https://boxd.it/8byJXt,4,,"netflix, musical",2024-12-27
2024-12-30,The Green Mile,1999,https://boxd.it/8emXmz,5,,"netflix, classic",2024-12-30
2024-12-31,Asteroid City,2023,https://boxd.it/8eH0qJ,3,,,2024-12-31
2025-01-06,Tetris,2023,https://boxd.it/8kEg4d,4,,"appletv, thriller, game, suspense, historical, documentary",2025-01-05
2025-01-06,"Happy New Year, Charlie Brown",1986,https://boxd.it/8l6t4V,3,,,2025-01-06
2025-01-10,Citizen Kane,1941,https://boxd.it/8oqKHx,4,,,2025-01-09
2025-01-10,Peanuts in Space: Secrets of Apollo 10,2019,https://boxd.it/8or8RL,3,,appletv,2025-01-09
2025-01-10,Jolly LLB,2013,https://boxd.it/8p68uT,4,,,2025-01-10
2025-01-11,30 Minutes or Less,2011,https://boxd.it/8ql9nt,2.5,,"netflix, comedy",2025-01-11
2025-01-24,Anora,2024,https://boxd.it/8AjCtL,4,,,2025-01-23
2025-01-24,Bata Boy and Crocs Girl,2025,https://boxd.it/8AERlJ,2.5,,,2025-01-23
2025-01-29,Nosferatu,2024,https://boxd.it/8EjRk1,4,,"horror, nice movie i think?",2025-01-28
2025-02-14,Zodiac,2007,https://boxd.it/8P0Pgx,4,,,2025-02-13
2025-02-18,A Real Pain,2024,https://boxd.it/8SsuA5,4,,,2025-02-18
2025-02-19,Darkest Hour,2017,https://boxd.it/8SA2Ad,3.5,,,2025-02-18
2025-05-08,Adolescence,2025,https://boxd.it/9Dyk7x,4.5,,,2025-04-05
2025-04-14,Mrs.,2023,https://boxd.it/9oH2uh,3.5,,,2025-04-13
2025-04-14,Godzilla Minus One,2023,https://boxd.it/9oJZHX,4.5,,"gojira, action, netflix, godzilla",2025-04-13
2025-04-14,The Big Short,2015,https://boxd.it/9phvT3,3.5,,,2025-04-14
2025-04-18,The Hangover Part II,2011,https://boxd.it/9qZc0b,3,,,2025-04-17
2025-04-25,It's Such a Beautiful Day,2012,https://boxd.it/9vAYTt,5,,,2025-04-24
2025-04-27,Conclave,2024,https://boxd.it/9wMv4z,3.5,,,2025-04-26
2025-04-27,John Wick,2014,https://boxd.it/9x9ALJ,4,,"action, johnwick",2025-04-27
2025-04-29,John Wick: Chapter 2,2017,https://boxd.it/9xW2Gj,3.5,,,2025-04-28
2025-04-29,John Wick: Chapter 3 – Parabellum,2019,https://boxd.it/9xY8ST,4,,"action, johnwick, thriller",2025-04-28
2025-04-29,John Wick: Chapter 4,2023,https://boxd.it/9y2XjN,4,,,2025-04-28
2025-05-01,The Matrix,1999,https://boxd.it/9yU9tB,4.5,,,2025-04-30
2025-05-02,The Matrix Reloaded,2003,https://boxd.it/9zrqSp,3.5,,,2025-05-01
2025-05-02,The Matrix Revolutions,2003,https://boxd.it/9ztwu3,3.5,,,2025-05-01
2025-05-02,The Matrix Resurrections,2021,https://boxd.it/9zxdsF,3,,,2025-05-01
2025-05-03,Transformers,2007,https://boxd.it/9AAc0l,3,Yes,,2025-05-03
2025-05-04,Transformers: Revenge of the Fallen,2009,https://boxd.it/9AGlah,2,Yes,,2025-05-03
2025-05-04,Transformers: Dark of the Moon,2011,https://boxd.it/9AJsfJ,3,Yes,,2025-05-03
2025-05-04,Transformers: Age of Extinction,2014,https://boxd.it/9ALXHD,2,Yes,,2025-05-03
2025-05-04,Transformers: The Last Knight,2017,https://boxd.it/9AOxcF,1.5,Yes,"transformers, action",2025-05-03
2025-05-05,The Bourne Identity,2002,https://boxd.it/9C2zj1,4,,,2025-05-05
2025-05-06,The Bourne Supremacy,2004,https://boxd.it/9CcCLd,3.5,,,2025-05-05
2025-05-08,The Bourne Ultimatum,2007,https://boxd.it/9Dc8yn,4,,,2025-05-07
2025-05-08,The Bourne Legacy,2012,https://boxd.it/9Dgv1p,2.5,,,2025-05-07
2025-05-08,Jason Bourne,2016,https://boxd.it/9DiERX,2.5,,,2025-05-07
2025-05-08,Thunderbolts*,2025,https://boxd.it/9DiKRf,3.5,,"marvel, action, superhero, thunderbolts, thenewavengers, mcu",2025-05-07
2025-05-08,Mission: Impossible,1996,https://boxd.it/9DBPwJ,4,,,2025-05-08
2025-05-09,Mission: Impossible II,2000,https://boxd.it/9DFzQV,3,,,2025-05-08
2025-05-09,Mission: Impossible III,2006,https://boxd.it/9DJIPZ,3.5,,,2025-05-08
2025-05-09,Mission: Impossible – Ghost Protocol,2011,https://boxd.it/9DNLGz,4,,,2025-05-08
2025-05-09,Mission: Impossible – Rogue Nation,2015,https://boxd.it/9E3z9l,4,,,2025-05-09
2025-05-09,Mission: Impossible – Fallout,2018,https://boxd.it/9E5bev,4.5,,,2025-05-09
2025-05-10,Mission: Impossible – Dead Reckoning,2023,https://boxd.it/9Ecesp,3.5,,,2025-05-09
2025-05-10,Dr. Strangelove or: How I Learned to Stop Worrying and Love the Bomb,1964,https://boxd.it/9EBK3r,5,,,2025-05-10
2025-05-11,The Substance,2024,https://boxd.it/9ETb2f,4.5,,"mubi, horror, bodyhorror, thesusbstance",2025-05-10
2025-05-11,Jaggi,2022,https://boxd.it/9FciNl,4,,,2025-05-11
2025-05-11,Shiva Baby,2020,https://boxd.it/9FdV2l,3.5,,,2025-05-11
2025-05-12,Chungking Express,1994,https://boxd.it/9Fyk0J,5,,,2025-05-11
2025-05-12,Heretic,2024,https://boxd.it/9FWQGF,3.5,,,2025-05-12
2025-05-13,Men in Black,1997,https://boxd.it/9G818r,4,Yes,,2025-05-12
2025-05-13,Men in Black II,2002,https://boxd.it/9GanEN,3,Yes,,2025-05-12
2025-05-13,Men in Black 3,2012,https://boxd.it/9Gc5gH,3.5,Yes,,2025-05-13
2025-05-13,Men in Black: International,2019,https://boxd.it/9GsmP7,1.5,,,2025-05-13
2025-05-13,Flow,2024,https://boxd.it/9Guc6l,4.5,,"cat, cartoon, animated, flow, primevideo, oscars",2025-05-13
2025-05-14,My Mother's Girlfriend,2021,https://boxd.it/9GDRbz,3.5,,,2025-05-13
2025-05-14,Aftersun,2022,https://boxd.it/9GZlGz,5,,,2025-05-14
2025-05-15,Grand Theft Hamlet,2024,https://boxd.it/9H4msD,3,,,2025-05-14
2025-05-15,Eraserhead,1977,https://boxd.it/9HwaBJ,4,,,2025-05-15
2025-05-16,Attack on Titan The Final Chapters: Special 1,2023,https://boxd.it/9HCm7N,5,Yes,,2025-05-15
2025-05-16,Attack on Titan The Final Chapters: Special 2,2023,https://boxd.it/9HCyD7,5,Yes,,2025-05-15
2025-05-16,Wolfs,2024,https://boxd.it/9HISsv,3,,,2025-05-16
2025-05-16,Ocean's Eleven,2001,https://boxd.it/9HYVg5,4,,,2025-05-16
2025-05-17,Ocean's Twelve,2004,https://boxd.it/9I523f,3,,"oceanseleven, oceanstwelve, thriller, robbery, artwork, egg",2025-05-16
2025-05-17,Ocean's Thirteen,2007,https://boxd.it/9I8bVh,3.5,,,2025-05-16
2025-05-17,Ocean's Eight,2018,https://boxd.it/9IaxdZ,2.5,,,2025-05-16
2025-05-17,Ted,2012,https://boxd.it/9Iwr9h,3,,,2025-05-17
2025-05-17,Ted 2,2015,https://boxd.it/9Iy1e5,3,,,2025-05-17
2025-05-18,Perfect Days,2023,https://boxd.it/9ILKHx,5,,,2025-05-17
2025-05-18,Sinners,2025,https://boxd.it/9JeXn9,4.5,,,2025-05-18
2025-05-22,Hiroshima Mon Amour,1959,https://boxd.it/9L8mUV,4,,,2025-05-21
2025-05-24,Shin Godzilla,2016,https://boxd.it/9MItUT,3.5,,,2025-05-24
2025-05-24,Pacific Rim,2013,https://boxd.it/9MKQIP,3.5,,,2025-05-24
2025-05-24,Pacific Rim: Uprising,2018,https://boxd.it/9MM5S3,1,,,2025-05-24
2025-05-25,Cloverfield,2008,https://boxd.it/9Nuz3d,3.5,,,2025-05-25
2025-05-26,Kong: Skull Island,2017,https://boxd.it/9ObW7j,3.5,,,2025-05-26
2025-05-26,Godzilla,2014,https://boxd.it/9OfqxH,3.5,,,2025-05-26
2025-05-26,Godzilla: King of the Monsters,2019,https://boxd.it/9OhBu9,4,,,2025-05-26
2025-05-27,Godzilla vs. Kong,2021,https://boxd.it/9Onegl,3,,,2025-05-26
2025-05-27,Godzilla × Kong: The New Empire,2024,https://boxd.it/9Os7Lh,3,,,2025-05-26
2025-05-31,The Ugly Stepsister,2025,https://boxd.it/9QOtTz,3,,,2025-05-30
2025-06-03,Boyhood,2014,https://boxd.it/9SLOjT,5,,,2025-06-02
2025-06-05,A Complete Unknown,2024,https://boxd.it/9TYMRp,3.5,,,2025-06-04
2025-06-05,Arrival,2016,https://boxd.it/9U42yj,4.5,,,2025-06-04
2025-06-06,Sinners,2025,https://boxd.it/9UCGbd,5,Yes,,2025-06-05
2025-06-09,This Is Not a Film,2011,https://boxd.it/9WYbmh,4,,,2025-06-09
2025-06-10,Memories of Murder,2003,https://boxd.it/9XbaOb,5,,,2025-06-09
2025-06-11,Cha Cha Real Smooth,2022,https://boxd.it/9Y8wDH,4,,,2025-06-11
2025-06-11,Ghost Rider,2007,https://boxd.it/9YbvOF,1.5,,,2025-06-11
2025-06-12,Ghost Rider: Spirit of Vengeance,2011,https://boxd.it/9YmGQz,0.5,,,2025-06-11
2025-06-13,Constantine,2005,https://boxd.it/9ZeF2r,3.5,,,2025-06-13
2025-06-13,Echo Valley,2025,https://boxd.it/9Zixfb,2.5,,,2025-06-13
2025-06-14,Daredevil,2003,https://boxd.it/9ZT8nN,2.5,,,2025-06-14
2025-06-14,Elektra,2005,https://boxd.it/9ZUW7x,1,,,2025-06-14
2025-06-15,The Punisher,2004,https://boxd.it/a0buZb,3,,,2025-06-14
2025-06-15,Punisher: War Zone,2008,https://boxd.it/a0yySJ,3,,,2025-06-15
2025-06-16,Catwoman,2004,https://boxd.it/a1no9r,1,,,2025-06-16
2025-06-18,Watchmen,2009,https://boxd.it/a2cAvB,4,,,2025-06-17
2025-06-23,American History X,1998,https://boxd.it/a5VfQZ,4.5,,,2025-06-23
2025-06-24,War of the Worlds,2005,https://boxd.it/a63Xdj,3.5,,,2025-06-23
2025-06-27,F1,2025,https://boxd.it/a8uJ6P,4,,"formula1, appletv, bradpitt, f1movie",2025-06-27
2025-07-08,Superman,1978,https://boxd.it/afwRUv,4,,,2025-07-07
2025-07-09,Superman II,1980,https://boxd.it/aghxYr,3,,,2025-07-08
2025-07-09,Superman III,1983,https://boxd.it/agLL3J,2.5,,,2025-07-09
2025-07-10,Superman IV: The Quest for Peace,1987,https://boxd.it/ahsOSh,1.5,,,2025-07-10
2025-07-11,Superman Returns,2006,https://boxd.it/ahyK3h,3,,,2025-07-10
2025-07-11,Man of Steel,2013,https://boxd.it/ahB9cR,2.5,,,2025-07-10
2025-07-11,Batman v Superman: Dawn of Justice,2016,https://boxd.it/ahJf6r,2,,,2025-07-10
2025-07-12,Superman,2025,https://boxd.it/aimZad,4,,"superman, superhero, comicmovie, action, adventure, drama",2025-07-11
2025-07-13,Elephant,2003,https://boxd.it/ajH57D,3,,,2025-07-13
2025-07-13,The Suicide Squad,2021,https://boxd.it/ajL0rL,4,,,2025-07-13
2025-07-17,Superman,2025,https://boxd.it/amfl5p,4,Yes,,2025-07-16
2025-07-17,Jurassic Park,1993,https://boxd.it/amhdCp,4.5,,,2025-07-16
2025-07-20,Superman,2025,https://boxd.it/aoXlWJ,4,Yes,,2025-07-20
2025-07-25,Fantastic Four,2005,https://boxd.it/asywsB,3,,,2025-07-24
2025-07-26,Fantastic Four: Rise of the Silver Surfer,2007,https://boxd.it/atksld,2.5,,,2025-07-25
2025-07-26,Fantastic Four,2015,https://boxd.it/atnPv7,1,,,2025-07-25
2025-07-27,The Fantastic 4: First Steps,2025,https://boxd.it/au2yov,4,,,2025-07-26
2025-08-03,Sitaare Zameen Par,2025,https://boxd.it/aAE4xx,3,,,2025-08-03
2025-08-04,Sinners,2025,https://boxd.it/aAS0YH,5,Yes,,2025-08-03
2025-08-06,Metro... In Dino,2025,https://boxd.it/aCv0uz,3,,,2025-08-05
2025-08-16,Jurassic World Rebirth,2025,https://boxd.it/aKt8bj,2,,,2025-08-16
2025-08-17,Tehran,2025,https://boxd.it/aLmuMh,3,,,2025-08-17
2025-08-24,Mission: Impossible – The Final Reckoning,2025,https://boxd.it/aPLZJT,3.5,,,2025-08-23
2025-09-01,F1,2025,https://boxd.it/aVWtd3,4,Yes,,2025-08-27
2025-10-21,The Silence of the Lambs,1991,https://boxd.it/bqWOgr,4.5,,,2025-10-20
2025-10-21,A Clockwork Orange,1971,https://boxd.it/br26Pp,4,,,2025-10-20
2025-10-26,Memento,2000,https://boxd.it/buc9iZ,4,,,2025-10-25
2025-10-26,Fallen Angels,1995,https://boxd.it/buGH77,4.5,,,2025-10-26
2025-10-30,In the Mood for Love,2000,https://boxd.it/bx0oup,5,,,2025-10-29
2025-11-03,Go Goa Gone,2013,https://boxd.it/bzYOZL,4,Yes,,2025-11-02
2025-11-06,Beautiful Boy,2018,https://boxd.it/bC04Kd,4.5,,,2025-11-05
2025-11-07,The Perfect Neighbor,2025,https://boxd.it/bCx419,3.5,,,2025-11-07
2025-11-09,Udaan,2010,https://boxd.it/bEvTkb,4.5,,,2025-11-09
2025-11-10,The Iron Giant,1999,https://boxd.it/bECZCf,5,,,2025-11-09
2025-11-12,12 Angry Men,1957,https://boxd.it/bGdKyv,5,,,2025-11-11
2025-11-12,Weapons,2025,https://boxd.it/bGJHHX,3.5,,,2025-11-12
2025-11-13,Monsoon Wedding,2001,https://boxd.it/bGRKl7,4,,,2025-11-12
2025-11-23,Constantine,2005,https://boxd.it/bNIJ95,3.5,Yes,,2025-11-22
2025-11-24,Homebound,2025,https://boxd.it/bOumSR,4,,,2025-11-23
2025-11-24,The Perks of Being a Wallflower,2012,https://boxd.it/bOyKyz,5,,,2025-11-23
2025-12-20,Dhurandhar,2025,https://boxd.it/c7j1jP,4,,,2025-12-19
2025-12-21,One Battle After Another,2025,https://boxd.it/c8g4Ep,5,,,2025-12-20
2025-12-25,The Florida Project,2017,https://boxd.it/cd4fP5,5,,,2025-12-24
2025-12-26,Frankenstein,2025,https://boxd.it/cdTU9r,5,,,2025-12-25
2025-12-26,Groundhog Day,1993,https://boxd.it/ce6q0l,3.5,,,2025-12-25
2025-12-26,How the Grinch Stole Christmas,2000,https://boxd.it/cehXHf,3,,,2025-12-25
2025-12-27,Baramulla,2025,https://boxd.it/cf6sQH,3,,,2025-12-26
2025-12-27,Nuremberg,2025,https://boxd.it/cgapVB,3.5,,,2025-12-27
2025-12-28,Nobody,2021,https://boxd.it/cgrH11,3.5,,,2025-12-27
2025-12-28,Nobody 2,2025,https://boxd.it/cgDpfN,2.5,,,2025-12-27
2025-12-30,Django Unchained,2012,https://boxd.it/ciOfl7,4.5,,,2025-12-29
2025-12-30,Raat Akeli Hai - The Bansal Murders,2025,https://boxd.it/cj6kLb,3,,,2025-12-29
2025-12-31,The 36th Chamber of Shaolin,1978,https://boxd.it/cklloV,4,,,2025-12-30
2026-01-02,"The Good, the Bad and the Ugly",1966,https://boxd.it/cmp3Nz,4.5,,,2025-12-31
2026-01-02,Stranger Things 5: The Finale,2025,https://boxd.it/cmGslp,3.5,,,2026-01-01
2026-01-03,Dhurandhar,2025,https://boxd.it/cnKi1L,4,Yes,,2026-01-02
2026-01-03,Badmaash Company,2010,https://boxd.it/co7rTX,3,,,2026-01-02
2026-01-25,The Secret Life of Walter Mitty,2013,https://boxd.it/cNzqrz,4.5,,,2026-01-24
2026-01-25,Life in a Metro,2007,https://boxd.it/cOy6MJ,3.5,,,2026-01-24
2026-01-26,The Diplomat,2025,https://boxd.it/cP4IXf,3,,,2026-01-25
2026-02-01,Peepli Live,2010,https://boxd.it/cV8JZt,4.5,,,2026-01-31
2026-02-03,The Zone of Interest,2023,https://boxd.it/cXwbZF,4,,,2026-02-02
2026-02-03,Chaar Phool Hain Aur Duniya Hai,2024,https://boxd.it/cXy51t,3.5,,,2026-02-02
2026-02-03,Kiss.,2022,https://boxd.it/cXzeRv,3.5,,,2026-02-02
2026-02-08,The Times of Harvey Milk,1984,https://boxd.it/d1WlvD,4,,,2026-02-07
2026-02-08,The Worst Person in the World,2021,https://boxd.it/d2H9an,4.5,,,2026-02-08
2026-02-14,Marty Supreme,2025,https://boxd.it/d6TH1p,4.5,,,2026-02-12
